--
-- PostgreSQL database dump
--

-- Dumped from database version 12.9 (Ubuntu 12.9-2.pgdg20.04+1)
-- Dumped by pg_dump version 12.9 (Ubuntu 12.9-2.pgdg20.04+1)

SET statement_timeout = 0;
SET lock_timeout = 0;
SET idle_in_transaction_session_timeout = 0;
SET client_encoding = 'UTF8';
SET standard_conforming_strings = on;
SELECT pg_catalog.set_config('search_path', '', false);
SET check_function_bodies = false;
SET xmloption = content;
SET client_min_messages = warning;
SET row_security = off;

DROP DATABASE universe;
--
-- Name: universe; Type: DATABASE; Schema: -; Owner: freecodecamp
--

CREATE DATABASE universe WITH TEMPLATE = template0 ENCODING = 'UTF8' LC_COLLATE = 'C.UTF-8' LC_CTYPE = 'C.UTF-8';


ALTER DATABASE universe OWNER TO freecodecamp;

\connect universe

SET statement_timeout = 0;
SET lock_timeout = 0;
SET idle_in_transaction_session_timeout = 0;
SET client_encoding = 'UTF8';
SET standard_conforming_strings = on;
SELECT pg_catalog.set_config('search_path', '', false);
SET check_function_bodies = false;
SET xmloption = content;
SET client_min_messages = warning;
SET row_security = off;

SET default_tablespace = '';

SET default_table_access_method = heap;

--
-- Name: galaxy; Type: TABLE; Schema: public; Owner: freecodecamp
--

CREATE TABLE public.galaxy (
    galaxy_id integer NOT NULL,
    name character varying(30) NOT NULL,
    distance_from_earth integer,
    age_in_millions_of_years numeric(8,2),
    has_life boolean
);


ALTER TABLE public.galaxy OWNER TO freecodecamp;

--
-- Name: galaxy_galaxy_id_seq; Type: SEQUENCE; Schema: public; Owner: freecodecamp
--

CREATE SEQUENCE public.galaxy_galaxy_id_seq
    AS integer
    START WITH 1
    INCREMENT BY 1
    NO MINVALUE
    NO MAXVALUE
    CACHE 1;


ALTER TABLE public.galaxy_galaxy_id_seq OWNER TO freecodecamp;

--
-- Name: galaxy_galaxy_id_seq; Type: SEQUENCE OWNED BY; Schema: public; Owner: freecodecamp
--

ALTER SEQUENCE public.galaxy_galaxy_id_seq OWNED BY public.galaxy.galaxy_id;


--
-- Name: moon; Type: TABLE; Schema: public; Owner: freecodecamp
--

CREATE TABLE public.moon (
    moon_id integer NOT NULL,
    name character varying(30) NOT NULL,
    distance_from_earth integer,
    planet_id integer,
    is_spherical boolean
);


ALTER TABLE public.moon OWNER TO freecodecamp;

--
-- Name: moon_moon_id_seq; Type: SEQUENCE; Schema: public; Owner: freecodecamp
--

CREATE SEQUENCE public.moon_moon_id_seq
    AS integer
    START WITH 1
    INCREMENT BY 1
    NO MINVALUE
    NO MAXVALUE
    CACHE 1;


ALTER TABLE public.moon_moon_id_seq OWNER TO freecodecamp;

--
-- Name: moon_moon_id_seq; Type: SEQUENCE OWNED BY; Schema: public; Owner: freecodecamp
--

ALTER SEQUENCE public.moon_moon_id_seq OWNED BY public.moon.moon_id;


--
-- Name: planet; Type: TABLE; Schema: public; Owner: freecodecamp
--

CREATE TABLE public.planet (
    planet_id integer NOT NULL,
    name character varying(30) NOT NULL,
    distance_from_earth integer,
    has_life boolean,
    star_id integer
);


ALTER TABLE public.planet OWNER TO freecodecamp;

--
-- Name: planet_planet_id_seq; Type: SEQUENCE; Schema: public; Owner: freecodecamp
--

CREATE SEQUENCE public.planet_planet_id_seq
    AS integer
    START WITH 1
    INCREMENT BY 1
    NO MINVALUE
    NO MAXVALUE
    CACHE 1;


ALTER TABLE public.planet_planet_id_seq OWNER TO freecodecamp;

--
-- Name: planet_planet_id_seq; Type: SEQUENCE OWNED BY; Schema: public; Owner: freecodecamp
--

ALTER SEQUENCE public.planet_planet_id_seq OWNED BY public.planet.planet_id;


--
-- Name: solarsystem; Type: TABLE; Schema: public; Owner: freecodecamp
--

CREATE TABLE public.solarsystem (
    solarsystem_id integer NOT NULL,
    name character varying(30) NOT NULL,
    description text
);


ALTER TABLE public.solarsystem OWNER TO freecodecamp;

--
-- Name: solarsystem_solarsystem_id_seq; Type: SEQUENCE; Schema: public; Owner: freecodecamp
--

CREATE SEQUENCE public.solarsystem_solarsystem_id_seq
    AS integer
    START WITH 1
    INCREMENT BY 1
    NO MINVALUE
    NO MAXVALUE
    CACHE 1;


ALTER TABLE public.solarsystem_solarsystem_id_seq OWNER TO freecodecamp;

--
-- Name: solarsystem_solarsystem_id_seq; Type: SEQUENCE OWNED BY; Schema: public; Owner: freecodecamp
--

ALTER SEQUENCE public.solarsystem_solarsystem_id_seq OWNED BY public.solarsystem.solarsystem_id;


--
-- Name: star; Type: TABLE; Schema: public; Owner: freecodecamp
--

CREATE TABLE public.star (
    star_id integer NOT NULL,
    name character varying(30) NOT NULL,
    distance_from_earth integer,
    description text,
    galaxy_id integer
);


ALTER TABLE public.star OWNER TO freecodecamp;

--
-- Name: star_star_id_seq; Type: SEQUENCE; Schema: public; Owner: freecodecamp
--

CREATE SEQUENCE public.star_star_id_seq
    AS integer
    START WITH 1
    INCREMENT BY 1
    NO MINVALUE
    NO MAXVALUE
    CACHE 1;


ALTER TABLE public.star_star_id_seq OWNER TO freecodecamp;

--
-- Name: star_star_id_seq; Type: SEQUENCE OWNED BY; Schema: public; Owner: freecodecamp
--

ALTER SEQUENCE public.star_star_id_seq OWNED BY public.star.star_id;


--
-- Name: galaxy galaxy_id; Type: DEFAULT; Schema: public; Owner: freecodecamp
--

ALTER TABLE ONLY public.galaxy ALTER COLUMN galaxy_id SET DEFAULT nextval('public.galaxy_galaxy_id_seq'::regclass);


--
-- Name: moon moon_id; Type: DEFAULT; Schema: public; Owner: freecodecamp
--

ALTER TABLE ONLY public.moon ALTER COLUMN moon_id SET DEFAULT nextval('public.moon_moon_id_seq'::regclass);


--
-- Name: planet planet_id; Type: DEFAULT; Schema: public; Owner: freecodecamp
--

ALTER TABLE ONLY public.planet ALTER COLUMN planet_id SET DEFAULT nextval('public.planet_planet_id_seq'::regclass);


--
-- Name: solarsystem solarsystem_id; Type: DEFAULT; Schema: public; Owner: freecodecamp
--

ALTER TABLE ONLY public.solarsystem ALTER COLUMN solarsystem_id SET DEFAULT nextval('public.solarsystem_solarsystem_id_seq'::regclass);


--
-- Name: star star_id; Type: DEFAULT; Schema: public; Owner: freecodecamp
--

ALTER TABLE ONLY public.star ALTER COLUMN star_id SET DEFAULT nextval('public.star_star_id_seq'::regclass);


--
-- Data for Name: galaxy; Type: TABLE DATA; Schema: public; Owner: freecodecamp
--

INSERT INTO public.galaxy VALUES (1, 'Andromeda', NULL, NULL, NULL);
INSERT INTO public.galaxy VALUES (2, 'Sertuso', NULL, NULL, NULL);
INSERT INTO public.galaxy VALUES (3, 'Nersolas', NULL, NULL, NULL);
INSERT INTO public.galaxy VALUES (4, 'Erovero', NULL, NULL, NULL);
INSERT INTO public.galaxy VALUES (5, 'Clondyn', NULL, NULL, NULL);
INSERT INTO public.galaxy VALUES (6, 'Miramo', NULL, NULL, NULL);


--
-- Data for Name: moon; Type: TABLE DATA; Schema: public; Owner: freecodecamp
--

INSERT INTO public.moon VALUES (1, 'luna', NULL, 1, NULL);
INSERT INTO public.moon VALUES (2, 'lono', NULL, 1, NULL);
INSERT INTO public.moon VALUES (3, 'dorado', NULL, 2, NULL);
INSERT INTO public.moon VALUES (4, 'lomuro', NULL, 2, NULL);
INSERT INTO public.moon VALUES (5, 'elixir', NULL, 3, NULL);
INSERT INTO public.moon VALUES (6, 'asolumopore', NULL, 3, NULL);
INSERT INTO public.moon VALUES (7, 'ninimo', NULL, 4, NULL);
INSERT INTO public.moon VALUES (8, 'xzmulopo', NULL, 4, NULL);
INSERT INTO public.moon VALUES (9, 'molopumo', NULL, 5, NULL);
INSERT INTO public.moon VALUES (10, 'amafilu', NULL, 5, NULL);
INSERT INTO public.moon VALUES (11, 'remucava', NULL, 6, NULL);
INSERT INTO public.moon VALUES (12, 'irusilo', NULL, 6, NULL);
INSERT INTO public.moon VALUES (13, 'culuom', NULL, 7, NULL);
INSERT INTO public.moon VALUES (14, 'risolo', NULL, 7, NULL);
INSERT INTO public.moon VALUES (15, 'polero', NULL, 8, NULL);
INSERT INTO public.moon VALUES (16, 'olsimu', NULL, 8, NULL);
INSERT INTO public.moon VALUES (17, 'mimado', NULL, 9, NULL);
INSERT INTO public.moon VALUES (18, 'flurino', NULL, 10, NULL);
INSERT INTO public.moon VALUES (19, 'rekmilo', NULL, 11, NULL);
INSERT INTO public.moon VALUES (20, 'olpure', NULL, 12, NULL);


--
-- Data for Name: planet; Type: TABLE DATA; Schema: public; Owner: freecodecamp
--

INSERT INTO public.planet VALUES (1, 'idora', NULL, NULL, 1);
INSERT INTO public.planet VALUES (2, 'musama', NULL, NULL, 1);
INSERT INTO public.planet VALUES (3, 'terona', NULL, NULL, 2);
INSERT INTO public.planet VALUES (4, 'mimica', NULL, NULL, 2);
INSERT INTO public.planet VALUES (5, 'etsuolo', NULL, NULL, 3);
INSERT INTO public.planet VALUES (6, 'fremanolo', NULL, NULL, 3);
INSERT INTO public.planet VALUES (7, 'olopomo', NULL, NULL, 4);
INSERT INTO public.planet VALUES (8, 'klumstoro', NULL, NULL, 4);
INSERT INTO public.planet VALUES (9, 'miaumol', NULL, NULL, 5);
INSERT INTO public.planet VALUES (10, 'apormo', NULL, NULL, 5);
INSERT INTO public.planet VALUES (11, 'tormeno', NULL, NULL, 6);
INSERT INTO public.planet VALUES (12, 'buraba', NULL, NULL, 6);


--
-- Data for Name: solarsystem; Type: TABLE DATA; Schema: public; Owner: freecodecamp
--

INSERT INTO public.solarsystem VALUES (1, 'Bounty Hunter', NULL);
INSERT INTO public.solarsystem VALUES (2, 'Snickers Paradise', NULL);
INSERT INTO public.solarsystem VALUES (3, 'Twix Empire', NULL);


--
-- Data for Name: star; Type: TABLE DATA; Schema: public; Owner: freecodecamp
--

INSERT INTO public.star VALUES (1, 'masupomi', NULL, NULL, 1);
INSERT INTO public.star VALUES (2, 'stoya', NULL, NULL, 2);
INSERT INTO public.star VALUES (3, 'elroy', NULL, NULL, 3);
INSERT INTO public.star VALUES (4, 'etero8', NULL, NULL, 4);
INSERT INTO public.star VALUES (5, 'sumasa', NULL, NULL, 5);
INSERT INTO public.star VALUES (6, 'xenos', NULL, NULL, 6);


--
-- Name: galaxy_galaxy_id_seq; Type: SEQUENCE SET; Schema: public; Owner: freecodecamp
--

SELECT pg_catalog.setval('public.galaxy_galaxy_id_seq', 6, true);


--
-- Name: moon_moon_id_seq; Type: SEQUENCE SET; Schema: public; Owner: freecodecamp
--

SELECT pg_catalog.setval('public.moon_moon_id_seq', 20, true);


--
-- Name: planet_planet_id_seq; Type: SEQUENCE SET; Schema: public; Owner: freecodecamp
--

SELECT pg_catalog.setval('public.planet_planet_id_seq', 12, true);


--
-- Name: solarsystem_solarsystem_id_seq; Type: SEQUENCE SET; Schema: public; Owner: freecodecamp
--

SELECT pg_catalog.setval('public.solarsystem_solarsystem_id_seq', 3, true);


--
-- Name: star_star_id_seq; Type: SEQUENCE SET; Schema: public; Owner: freecodecamp
--

SELECT pg_catalog.setval('public.star_star_id_seq', 6, true);


--
-- Name: galaxy galaxy_name_key; Type: CONSTRAINT; Schema: public; Owner: freecodecamp
--

ALTER TABLE ONLY public.galaxy
    ADD CONSTRAINT galaxy_name_key UNIQUE (name);


--
-- Name: galaxy galaxy_pkey; Type: CONSTRAINT; Schema: public; Owner: freecodecamp
--

ALTER TABLE ONLY public.galaxy
    ADD CONSTRAINT galaxy_pkey PRIMARY KEY (galaxy_id);


--
-- Name: moon moon_name_key; Type: CONSTRAINT; Schema: public; Owner: freecodecamp
--

ALTER TABLE ONLY public.moon
    ADD CONSTRAINT moon_name_key UNIQUE (name);


--
-- Name: moon moon_pkey; Type: CONSTRAINT; Schema: public; Owner: freecodecamp
--

ALTER TABLE ONLY public.moon
    ADD CONSTRAINT moon_pkey PRIMARY KEY (moon_id);


--
-- Name: planet planet_name_key; Type: CONSTRAINT; Schema: public; Owner: freecodecamp
--

ALTER TABLE ONLY public.planet
    ADD CONSTRAINT planet_name_key UNIQUE (name);


--
-- Name: planet planet_pkey; Type: CONSTRAINT; Schema: public; Owner: freecodecamp
--

ALTER TABLE ONLY public.planet
    ADD CONSTRAINT planet_pkey PRIMARY KEY (planet_id);


--
-- Name: solarsystem solarsystem_name_key; Type: CONSTRAINT; Schema: public; Owner: freecodecamp
--

ALTER TABLE ONLY public.solarsystem
    ADD CONSTRAINT solarsystem_name_key UNIQUE (name);


--
-- Name: solarsystem solarsystem_pkey; Type: CONSTRAINT; Schema: public; Owner: freecodecamp
--

ALTER TABLE ONLY public.solarsystem
    ADD CONSTRAINT solarsystem_pkey PRIMARY KEY (solarsystem_id);


--
-- Name: star star_name_key; Type: CONSTRAINT; Schema: public; Owner: freecodecamp
--

ALTER TABLE ONLY public.star
    ADD CONSTRAINT star_name_key UNIQUE (name);


--
-- Name: star star_pkey; Type: CONSTRAINT; Schema: public; Owner: freecodecamp
--

ALTER TABLE ONLY public.star
    ADD CONSTRAINT star_pkey PRIMARY KEY (star_id);


--
-- Name: moon moon_planet_id_fkey; Type: FK CONSTRAINT; Schema: public; Owner: freecodecamp
--

ALTER TABLE ONLY public.moon
    ADD CONSTRAINT moon_planet_id_fkey FOREIGN KEY (planet_id) REFERENCES public.planet(planet_id);


--
-- Name: planet planet_star_id_fkey; Type: FK CONSTRAINT; Schema: public; Owner: freecodecamp
--

ALTER TABLE ONLY public.planet
    ADD CONSTRAINT planet_star_id_fkey FOREIGN KEY (star_id) REFERENCES public.star(star_id);


--
-- Name: star star_galaxy_id_fkey; Type: FK CONSTRAINT; Schema: public; Owner: freecodecamp
--

ALTER TABLE ONLY public.star
    ADD CONSTRAINT star_galaxy_id_fkey FOREIGN KEY (galaxy_id) REFERENCES public.galaxy(galaxy_id);


--
-- PostgreSQL database dump complete
--

